STATEFP,COUNTYFP,COUNTYNS,GEOID,NAME,NAMELSAD,LSAD,CLASSFP,MTFCC,CSAFP,CBSAFP,METDIVFP,FUNCSTAT,ALAND,AWATER,INTPTLAT,INTPTLON,ESTIMATED,ec_Total C,ec_Total E,ec_perarea,GeothP,ec_Total Consumption MMBtu,ec_Total Expenditure US Dollars
"53","069","01513275","53069",Wahkiakum,Wahkiakum County,"06",H1,G4020,,,,A,"680980770","61564427","+46.2946377","-123.4244583","100",187853.615629638050450,3071572.797099542804062,0.074,72.224,187853.615629638,3071572.79709954
"06","091","00277310","06091",Sierra,Sierra County,"06",H1,G4020,,,,A,"2468694582","23299110","+39.5769252","-120.5219926","150",1152945.359465157380328,23654755.828206840902567,0.136,109.068,1152945.35946516,23654755.8282068
"41","063","01155135","41063",Wallowa,Wallowa County,"06",H1,G4020,,,,A,"8147835328","14191752","+45.5937530","-117.1855796","100",325392.304231280169915,7822968.177020410075784,0.012,70.351,325392.30423128,7822968.17702041
"41","013","01155128","41013",Crook,Crook County,"06",H1,G4020,,,,A,"7715390857","21004473","+44.1630537","-120.3715849","125",1132719.307237309403718,21996792.460465043783188,0.043,88.787,1132719.30723731,21996792.460465
"41","005","01155127","41005",Clackamas,Clackamas County,"06",H1,G4020,,,,A,"4845115802","31863504","+45.1604934","-122.1951274","125",27820451.961973000317812,494986304.347777724266052,1.672,137.654,27820451.961973,494986304.347778
"41","007","01135846","41007",Clatsop,Clatsop County,"06",H1,G4020,,,,A,"2144781264","661720213","+46.0245094","-123.7050366","100",7491259.270590067841113,90890432.863002792000771,0.782,93.468,7491259.27059007,90890432.8630028
"53","041","01531927","53041",Lewis,Lewis County,"06",H1,G4020,,,,A,"6223175362","86929744","+46.5800714","-122.3774443","100",7128869.187791547738016,106791612.223327323794365,0.331,79.933,7128869.18779155,106791612.223327
"41","035","01155134","41035",Klamath,Klamath County,"06",H1,G4020,,,,A,"15410373388","484953082","+42.6837613","-121.6461682","150",6094749.900797969661653,102306923.144852250814438,0.112,108.371,6094749.90079797,102306923.144852
"41","049","01135860","41049",Morrow,Morrow County,"06",H1,G4020,,,,A,"5259046091","44372730","+45.4254956","-119.6023111","125",3828054.979344906751066,34303415.648175247013569,0.212,93.846,3828054.97934491,34303415.6481752
"41","029","01135853","41029",Jackson,Jackson County,"06",H1,G4020,,,,A,"7208589510","46774848","+42.4116214","-122.6756106","125",13734004.550893582403660,266037377.660532444715500,0.555,104.143,13734004.5508936,266037377.660532
"41","051","01135861","41051",Multnomah,Multnomah County,"06",H1,G4020,,,,A,"1116334868","88031754","+45.5477107","-122.4173625","100",61833795.195463791489601,1125312340.301449298858643,15.047,521.400,61833795.1954638,1125312340.30145
"06","067","00277298","06067",Sacramento,Sacramento County,"06",H1,G4020,,,,A,"2500063008","75323438","+38.4501363","-121.3443291","150",69706064.082007378339767,1713461021.590643644332886,7.932,342.970,69706064.0820074,1713461021.59064
"06","083","00277306","06083",Santa Barbara,Santa Barbara County,"06",H1,G4020,,,,A,"7080858282","2729215451","+34.5366774","-120.0383645","150",38070483.981870673596859,627115972.748317956924438,1.137,139.120,38070483.9818707,627115972.748318
"06","009","01675885","06009",Calaveras,Calaveras County,"06",H1,G4020,,,,A,"2641837360","43789489","+38.1910682","-120.5541065","125",2134988.320136670023203,61935349.958304539322853,0.233,94.489,2134988.32013667,61935349.9583045
"41","001","01135845","41001",Baker,Baker County,"06",H1,G4020,,,,A,"7945996815","51832631","+44.7034268","-117.6919334","125",1946783.320411476772279,30732824.969352193176746,0.071,89.640,1946783.32041148,30732824.9693522
"06","111","00277320","06111",Ventura,Ventura County,"06",H1,G4020,,,,A,"4767585001","947376202","+34.3587477","-119.1331453","125",71247212.855924844741821,1138170242.330098390579224,3.654,197.110,71247212.8559248,1138170242.3301
"06","037","00277283","06037",Los Angeles,Los Angeles County,"06",H1,G4020,,,,A,"10515988166","1785003207","+34.1963983","-118.2618616","125",641075030.376722097396851,12744237263.141000747680664,15.274,545.708,641075030.376722,12744237263.141
"06","097","01657246","06097",Sonoma,Sonoma County,"06",H1,G4020,,,,A,"4080091725","497303747","+38.5251824","-122.9261095","250",29711610.420195680111647,776873696.968792438507080,1.902,232.069,29711610.4201957,776873696.968792
"41","003","01155126","41003",Benton,Benton County,"06",H1,G4020,,,,A,"1748781825","7670893","+44.4938816","-123.4246641","100",5388590.062268500216305,95797682.025707930326462,0.899,96.973,5388590.0622685,95797682.0257079
"06","031","00277280","06031",Kings,Kings County,"06",H1,G4020,,,,A,"3602601926","3164290","+36.0724780","-119.8155301","125",14373379.740018870681524,300111475.080843627452850,1.168,122.547,14373379.7400189,300111475.080844
"06","073","00277301","06073",San Diego,San Diego County,"06",H1,G4020,,,,A,"10904539456","817287145","+33.0236041","-116.7761174","250",140870408.006268411874771,4013907497.835372447967529,3.522,280.662,140870408.006268,4013907497.83537
"06","061","00277295","06061",Placer,Placer County,"06",H1,G4020,,,,A,"3644336873","246435971","+39.0620323","-120.7227181","150",20933487.689355690032244,583342770.478558421134949,1.577,152.304,20933487.6893557,583342770.478558
"06","075","00277302","06075",San Francisco,San Francisco County,"06",H6,G4020,,,,C,"121045788","479608103","+37.7272391","-123.0322294","250",53468388.788975760340691,1533952232.843106746673584,26.088,957.649,53468388.7889758,1533952232.84311
"06","041","00277285","06041",Marin,Marin County,"06",H1,G4020,,,,A,"1347890152","797077336","+38.0513667","-122.7463958","250",13998324.796136112883687,402371376.918958783149719,1.913,232.379,13998324.7961361,402371376.918959
"06","043","00277286","06043",Mariposa,Mariposa County,"06",H1,G4020,,,,A,"3752476985","36220865","+37.5743432","-119.9117215","125",546703.119851207477041,20006613.736379019916058,0.042,88.769,546703.119851207,20006613.736379
"41","047","01135859","41047",Marion,Marion County,"06",H1,G4020,,,,A,"3058371467","26476522","+44.9008984","-122.5762602","100",20936752.677301868796349,379761730.074631750583649,1.989,129.672,20936752.6773019,379761730.074632
"06","035","01693324","06035",Lassen,Lassen County,"06",H1,G4020,,,,A,"11762091407","462950203","+40.7152866","-120.6212225","150",570652.683714312268421,23593657.945854127407074,0.014,105.410,570652.683714312,23593657.9458541
"06","055","00277292","06055",Napa,Napa County,"06",H1,G4020,,,,A,"1947606240","104444864","+38.5070999","-122.3259045","250",10353525.489969529211521,281220788.760241985321045,1.479,219.360,10353525.4899695,281220788.760242
"06","089","01682610","06089",Shasta,Shasta County,"06",H1,G4020,,,,A,"9778892920","185816636","+40.7605142","-122.0435558","150",10003839.552613565698266,294280017.467302262783051,0.294,113.827,10003839.5526136,294280017.467302
"06","053","00277291","06053",Monterey,Monterey County,"06",H1,G4020,,,,A,"8499609697","1267806850","+36.2401044","-121.3155781","150",31524216.526931647211313,569832544.154671072959900,0.946,133.376,31524216.5269316,569832544.154671
"41","023","01135851","41023",Grant,Grant County,"06",H1,G4020,,,,A,"11726925905","1893807","+44.4963261","-119.0140572","125",306932.653003864630591,6681828.258197304792702,0.008,87.730,306932.653003865,6681828.2581973
"41","011","01135848","41011",Coos,Coos County,"06",H1,G4020,,,,A,"4133733922","544707632","+43.1859095","-124.0941335","125",3245950.874857943039387,71481376.077959597110748,0.203,93.600,3245950.87485794,71481376.0779596
"53","031","01531936","53031",Jefferson,Jefferson County,"06",H1,G4020,,,,A,"4671633827","994992501","+47.8057075","-123.5270572","100",3358066.322200073860586,50594659.291810937225819,0.174,75.210,3358066.32220007,50594659.2918109
"41","043","01135857","41043",Linn,Linn County,"06",H1,G4020,,,,A,"5929809282","50118766","+44.4888982","-122.5372084","125",9303110.390627387911081,155411589.818057119846344,0.456,101.178,9303110.39062739,155411589.818057
"41","037","01135854","41037",Lake,Lake County,"06",H1,G4020,,,,A,"21078901105","568489460","+42.7884009","-120.3897896","150",2202787.981386584695429,73089767.618147581815720,0.030,105.895,2202787.98138658,73089767.6181476
"06","105","00277317","06105",Trinity,Trinity County,"06",H1,G4020,,,,A,"8234265080","73407950","+40.6478582","-123.1146660","150",552696.140514659462497,15978731.931480498984456,0.019,105.585,552696.140514659,15978731.9314805
"06","045","00277287","06045",Mendocino,Mendocino County,"06",H1,G4020,,,,A,"9082586851","961786019","+39.4323876","-123.4428811","250",4164030.159307796042413,122987051.216695487499237,0.121,178.645,4164030.1593078,122987051.216695
"06","027","01804637","06027",Inyo,Inyo County,"06",H1,G4020,,,,A,"26410783053","77280938","+36.5621604","-117.4042092","125",2422522.193714231252670,41869876.456825390458107,0.027,88.304,2422522.19371423,41869876.4568254
"41","069","01135865","41069",Wheeler,Wheeler County,"06",H1,G4020,,,,A,"4444475029","1241033","+44.7364146","-120.0268608","125",73415.608666567321052,1618573.542666045017540,0.005,87.645,73415.6086665673,1618573.54266605
"41","045","01135858","41045",Malheur,Malheur County,"06",H1,G4020,,,,A,"25609051315","108997319","+43.1886252","-117.6031915","125",4414675.574514203704894,57600796.364286452531815,0.050,89.009,4414675.5745142,57600796.3642865
"06","051","00277290","06051",Mono,Mono County,"06",H1,G4020,,,,A,"7896625263","214695142","+37.9158363","-118.8751668","150",1379564.563103374326602,20630224.835495151579380,0.050,106.495,1379564.56310337,20630224.8354952
"06","109","00277319","06109",Tuolumne,Tuolumne County,"06",H1,G4020,,,,A,"5752133238","138668837","+38.0214344","-119.9647335","125",1597396.270609220722690,63192907.171588771045208,0.079,89.884,1597396.27060922,63192907.1715888
"06","095","00277312","06095",Solano,Solano County,"06",H1,G4020,,,,A,"2128287124","218615209","+38.2672255","-121.9395940","150",26423330.789397686719894,694209061.795519471168518,3.300,203.989,26423330.7893977,694209061.795519
"06","071","00277300","06071",San Bernardino,San Bernardino County,"06",H1,G4020,,,,A,"51976311092","96418406","+34.8566615","-116.1815707","150",144466125.961535871028900,2860587181.265967845916748,0.813,129.392,144466125.961536,2860587181.26597
"41","057","01135864","41057",Tillamook,Tillamook County,"06",H1,G4020,,,,A,"2857229748","593692057","+45.4558895","-123.7592988","100",3164812.111408326309174,45122144.754280455410480,0.269,78.063,3164812.11140833,45122144.7542805
"06","013","01675903","06013",Contra Costa,Contra Costa County,"06",H1,G4020,,,,A,"1856752855","225364427","+37.9194790","-121.9515431","150",96776401.140540599822998,1799152254.450601577758789,13.622,513.656,96776401.1405406,1799152254.4506
"53","013","01513273","53013",Columbia,Columbia County,"06",H1,G4020,,,,A,"2249624779","12561759","+46.2928505","-117.9116345","100",10436652.806318456307054,96132273.691633269190788,1.352,110.563,10436652.8063185,96132273.6916333
"41","039","01135855","41039",Lane,Lane County,"06",H1,G4020,,,,A,"11795044831","436058218","+43.9283337","-122.8975806","125",26998761.234498221427202,529478361.211087882518768,0.647,106.908,26998761.2344982,529478361.211088
"53","037","01531926","53037",Kittitas,Kittitas County,"06",H1,G4020,,,,A,"5949905814","92507199","+47.1244411","-120.6767092","150",2210114.424059101846069,41172621.846692785620689,0.107,108.216,2210114.4240591,41172621.8466928
"41","061","01164165","41061",Union,Union County,"06",H1,G4020,,,,A,"5275651492","4936782","+45.3040809","-117.9991488","100",1927531.798996999626979,31322160.272773746401072,0.107,73.209,1927531.798997,31322160.2727737
"53","061","01529222","53061",Snohomish,Snohomish County,"06",H1,G4020,,,,A,"5404046467","282924414","+48.0549130","-121.7650375","125",40257508.940067186951637,700056097.813606262207031,2.075,149.739,40257508.9400672,700056097.813606
"53","077","01531929","53077",Yakima,Yakima County,"06",H1,G4020,,,,A,"11122734369","41188782","+46.4565581","-120.7401446","125",18282281.151621036231518,292240700.246896326541901,0.480,101.898,18282281.151621,292240700.246896
"06","003","01675840","06003",Alpine,Alpine County,"06",H1,G4020,,,,A,"1912292607","12557304","+38.6217831","-119.7983522","150",31322.478702468248230,1127722.858082249062136,0.005,105.143,31322.4787024682,1127722.85808225
"53","047","01531928","53047",Okanogan,Okanogan County,"06",H1,G4020,,,,A,"13639402442","120409385","+48.5484533","-119.7422347","100",2004752.372691521653906,35424071.263427764177322,0.043,71.281,2004752.37269152,35424071.2634278
"53","063","01529225","53063",Spokane,Spokane County,"06",H1,G4020,,,,A,"4569318506","43407953","+47.6203752","-117.4033714","100",47637626.099591493606567,713384133.868164896965027,3.027,160.800,47637626.0995915,713384133.868165
"53","029","01513272","53029",Island,Island County,"06",H1,G4020,,,,A,"539943914","799920796","+48.1585538","-122.6706492","100",3211192.115786883980036,69177356.878066048026085,0.702,91.072,3211192.11578688,69177356.878066
"53","009","01531341","53009",Clallam,Clallam County,"06",H1,G4020,,,,A,"4503402364","2409320333","+48.1109034","-123.8898599","75",2969424.619328388944268,65374298.918829321861267,0.126,56.277,2969424.61932839,65374298.9188293
"53","065","01531930","53065",Stevens,Stevens County,"06",H1,G4020,,,,A,"6415666346","162933477","+48.3887277","-117.8544548","100",2782659.558957109693438,49101942.117658250033855,0.124,73.719,2782659.55895711,49101942.1176582
"06","017","00277273","06017",El Dorado,El Dorado County,"06",H1,G4020,,,,A,"4423288012","203364019","+38.7856116","-120.5342245","150",8419003.493683146312833,246126965.526031941175461,0.533,120.999,8419003.49368315,246126965.526032
"41","019","01135849","41019",Douglas,Douglas County,"06",H1,G4020,,,,A,"13042338721","251961371","+43.2863277","-123.1544760","125",7149851.962612234055996,133414534.126508951187134,0.158,92.229,7149851.96261223,133414534.126509
"06","113","00277321","06113",Yolo,Yolo County,"06",H1,G4020,,,,A,"2623627933","22888380","+38.6796091","-121.9027500","150",10433020.788053933531046,277940344.121757030487061,1.155,139.660,10433020.7880539,277940344.121757
"06","115","00277322","06115",Yuba,Yuba County,"06",H1,G4020,,,,A,"1636887866","31084093","+39.2701300","-121.3442587","150",2627369.942918628919870,84195822.865175634622574,0.462,118.849,2627369.94291863,84195822.8651756
"06","069","00277299","06069",San Benito,San Benito County,"06",H1,G4020,,,,A,"3596591085","4719300","+36.6116507","-121.0858108","150",2681362.894344384782016,72658957.302990704774857,0.218,111.546,2681362.89434438,72658957.3029907
"41","009","01135847","41009",Columbia,Columbia County,"06",H1,G4020,,,,A,"1705984352","78454244","+45.9419320","-123.0810790","100",10436652.806318456307054,96132273.691633269190788,1.714,121.423,10436652.8063185,96132273.6916333
"53","051","01529157","53051",Pend Oreille,Pend Oreille County,"06",H1,G4020,,,,A,"3626617236","65406812","+48.5438247","-117.2321913","100",4068089.756223759613931,51446957.511161498725414,0.323,79.688,4068089.75622376,51446957.5111615
"41","027","01155131","41027",Hood River,Hood River County,"06",H1,G4020,,,,A,"1352455750","29044350","+45.5117753","-121.6559762","125",1479999.178234334569424,25144980.318583879619837,0.314,96.919,1479999.17823433,25144980.3185839
"41","025","01135852","41025",Harney,Harney County,"06",H1,G4020,,,,A,"26248072909","241568254","+43.0644492","-118.9871695","125",292906.264444189204369,6455337.321590913459659,0.003,87.597,292906.264444189,6455337.32159091
"41","041","01135856","41041",Lincoln,Lincoln County,"06",H1,G4020,,,,A,"2540733352","553145247","+44.6410607","-123.9112121","100",7691824.194259460084140,79854097.274148330092430,0.729,91.858,7691824.19425946,79854097.2741483
"06","023","01681908","06023",Humboldt,Humboldt County,"06",H1,G4020,,,,A,"9241141220","1254150035","+40.7066554","-123.9261757","150",6506362.370061581023037,174767702.431551247835159,0.182,110.451,6506362.37006158,174767702.431551
"06","065","00277297","06065",Riverside,Riverside County,"06",H1,G4020,,,,A,"18671846195","242807981","+33.7298275","-116.0022389","150",134602757.517124593257904,3380956712.647545337677002,2.086,167.568,134602757.517125,3380956712.64755
"06","029","02054176","06029",Kern,Kern County,"06",H1,G4020,,,,A,"21068705437","78332288","+35.3466288","-118.7295064","125",424138075.967929840087891,4111164499.233736991882324,5.878,263.840,424138075.96793,4111164499.23374
"41","033","01155133","41033",Josephine,Josephine County,"06",H1,G4020,,,,A,"4244080759","5631773","+42.3869829","-123.5716197","125",4443761.879781581461430,92392283.963465899229050,0.306,96.694,4443761.87978158,92392283.9634659
"06","011","01675902","06011",Colusa,Colusa County,"06",H1,G4020,,,,A,"2980245446","14696164","+39.1777385","-122.2375629","250",5781937.203343546018004,66125605.735252946615219,0.566,191.974,5781937.20334355,66125605.7352529
"53","073","01529224","53073",Whatcom,Whatcom County,"06",H1,G4020,,,,A,"5459626157","1027968988","+48.8426531","-121.8364325","100",15809678.892995510250330,253152415.737108707427979,0.714,91.426,15809678.8929955,253152415.737109
"41","021","01135850","41021",Gilliam,Gilliam County,"06",H1,G4020,,,,A,"3120213943","46914702","+45.3829550","-120.2762460","125",95149.541732403042261,1592228.449744051555172,0.009,87.764,95149.541732403,1592228.44974405
"06","015","01682074","06015",Del Norte,Del Norte County,"06",H1,G4020,,,,A,"2606049835","578810831","+41.7499033","-123.9809983","125",651734.875925346743315,23742328.957477655261755,0.060,89.299,651734.875925347,23742328.9574777
"53","007","01531932","53007",Chelan,Chelan County,"06",H1,G4020,,,,A,"7565814948","189653434","+47.8609739","-120.6190410","125",4816476.806157074868679,52401388.505301415920258,0.182,92.960,4816476.80615707,52401388.5053014
"06","049","00277289","06049",Modoc,Modoc County,"06",H1,G4020,,,,A,"10225877725","660503268","+41.5929185","-120.7183704","150",329788.761028683686163,10308361.351790599524975,0.009,105.266,329788.761028684,10308361.3517906
"53","003","01533502","53003",Asotin,Asotin County,"06",H1,G4020,,,,A,"1647427909","11291731","+46.1818612","-117.2277813","100",1201601.810909578809515,21519526.578799620270729,0.212,76.369,1201601.81090958,21519526.5787996
"06","019","00277274","06019",Fresno,Fresno County,"06",H1,G4020,,,,A,"15432139293","136609893","+36.7610058","-119.6550193","125",72624962.630709901452065,1541153290.384579658508301,1.367,128.513,72624962.6307099,1541153290.38458
"53","019","01531821","53019",Ferry,Ferry County,"06",H1,G4020,,,,A,"5706368571","140294391","+48.4732563","-118.5335894","100",692807.862230377504602,10712242.400178471580148,0.035,71.042,692807.862230378,10712242.4001785
"53","017","01531818","53017",Douglas,Douglas County,"06",H1,G4020,,,,A,"4711819965","76557106","+47.7417625","-119.6946219","125",7149851.962612234055996,133414534.126508951187134,0.438,100.628,7149851.96261223,133414534.126509
"06","039","00277284","06039",Madera,Madera County,"06",H1,G4020,,,,A,"5534591551","42271836","+37.2098213","-119.7498023","125",9495664.008661611005664,213070984.705668330192566,0.499,102.470,9495664.00866161,213070984.705668
"06","085","00277307","06085",Santa Clara,Santa Clara County,"06",H1,G4020,,,,A,"3343892723","33595850","+37.2216142","-121.6895401","150",109491377.604154810309410,2879136326.912558078765869,9.501,390.023,109491377.604155,2879136326.91256
"53","005","01513302","53005",Benton,Benton County,"06",H1,G4020,,,,A,"4403309850","154293639","+46.2281252","-119.5166594","125",5388590.062268500216305,95797682.025707930326462,0.347,97.895,5388590.0622685,95797682.0257079
"06","103","01692767","06103",Tehama,Tehama County,"06",H1,G4020,,,,A,"7638229338","33767224","+40.1261573","-122.2322737","150",4789123.361915748566389,112025539.547312587499619,0.183,110.488,4789123.36191575,112025539.547313
"53","023","01533500","53023",Garfield,Garfield County,"06",H1,G4020,,,,A,"1841054896","19294817","+46.4293176","-117.5367052","100",288016.334775767114479,3821202.301161677576602,0.045,71.361,288016.334775767,3821202.30116168
"53","033","01531933","53033",King,King County,"06",H1,G4020,,,,A,"5479725584","496550780","+47.4905518","-121.8339765","125",156649758.102633535861969,2792633742.873925685882568,7.682,317.959,156649758.102634,2792633742.87393
"41","017","01155130","41017",Deschutes,Deschutes County,"06",H1,G4020,,,,A,"7815575342","94725560","+43.9151181","-121.2255751","150",11377378.071548135951161,201475817.085254281759262,0.422,117.646,11377378.0715481,201475817.085254
"53","049","01513274","53049",Pacific,Pacific County,"06",H1,G4020,,,,A,"2417475212","759242682","+46.5565866","-123.7824193","100",1060337.495104758534580,22016991.521003767848015,0.098,72.935,1060337.49510476,22016991.5210038
"06","077","00277303","06077",San Joaquin,San Joaquin County,"06",H1,G4020,,,,A,"3605878834","89000661","+37.9349815","-121.2722440","150",42573017.038964189589024,1047667284.655855536460876,3.377,206.304,42573017.0389642,1047667284.65586
"06","001","01675839","06001",Alameda,Alameda County,"06",H1,G4020,,,,A,"1910010507","216909647","+37.6471385","-121.9124880","150",85239775.602365434169769,2303239742.427534580230713,11.745,457.359,85239775.6023654,2303239742.42753
"41","053","01135862","41053",Polk,Polk County,"06",H1,G4020,,,,A,"1918983624","8313041","+44.9003723","-123.3986397","100",3729412.077029138803482,69131113.904088035225868,0.567,87.013,3729412.07702914,69131113.904088
"41","065","01155136","41065",Wasco,Wasco County,"06",H1,G4020,,,,A,"6167114402","35722739","+45.1645359","-121.1650693","125",1101063.613271587062627,18853648.415576182305813,0.052,89.061,1101063.61327159,18853648.4155762
"06","057","01682927","06057",Nevada,Nevada County,"06",H1,G4020,,,,A,"2480587300","41531993","+39.2975082","-120.7713429","150",7413651.923049598932266,173068083.997170120477676,0.861,130.844,7413651.9230496,173068083.99717
"06","007","01675842","06007",Butte,Butte County,"06",H1,G4020,,,,A,"4238488704","105260548","+39.6653362","-121.6032086","150",13277933.383153419941664,360124939.029246449470520,0.896,131.876,13277933.3831534,360124939.029246
"53","039","01529219","53039",Klickitat,Klickitat County,"06",H1,G4020,,,,A,"4847515939","84930636","+45.8704463","-120.7793049","125",1933918.886645549675450,28376350.987453628331423,0.115,90.947,1933918.88664555,28376350.9874536
"53","055","01531931","53055",San Juan,San Juan County,"06",H1,G4020,,,,A,"450435912","1157474835","+48.5071904","-123.1037693",,836985.176688294741325,22032793.723086722195148,0.153,,836985.176688295,22032793.7230867
"41","055","01135863","41055",Sherman,Sherman County,"06",H1,G4020,,,,A,"2133151630","19617472","+45.3992158","-120.6785124","125",107040.094879727563239,2403368.416772993281484,0.015,87.937,107040.094879728,2403368.41677299
"53","027","01531823","53027",Grays Harbor,Grays Harbor County,"06",H1,G4020,,,,A,"4924743560","834361384","+47.1137324","-123.8267349","100",4309740.423939901404083,81935205.723082974553108,0.219,76.579,4309740.4239399,81935205.723083
"53","015","01529156","53015",Cowlitz,Cowlitz County,"06",H1,G4020,,,,A,"2955587568","65453462","+46.1967854","-122.6784596","100",27979934.453183121979237,322804281.601754128932953,2.714,151.430,27979934.4531831,322804281.601754
"06","047","00277288","06047",Merced,Merced County,"06",H1,G4020,,,,A,"5019407132","105277636","+37.1948063","-120.7228019","125",41331802.932767458260059,636822504.019131541252136,2.364,158.411,41331802.9327675,636822504.019132
"06","107","00277318","06107",Tulare,Tulare County,"06",H1,G4020,,,,A,"12493840855","37260863","+36.2288339","-118.7810551","125",47622137.407263234257698,772436926.919970870018005,1.114,120.913,47622137.4072632,772436926.919971
"06","099","00277314","06099",Stanislaus,Stanislaus County,"06",H1,G4020,,,,A,"3875010966","46378767","+37.5623162","-121.0028311","150",40220464.085145451128483,874712968.169915676116943,3.006,195.178,40220464.0851455,874712968.169916
"53","071","01531819","53071",Walla Walla,Walla Walla County,"06",H1,G4020,,,,A,"3289370357","74932288","+46.2546057","-118.4803697","100",7153580.804964733310044,91882718.365532457828522,0.623,88.695,7153580.80496473,91882718.3655324
"06","059","00277294","06059",Orange,Orange County,"06",H1,G4020,,,,A,"2053491982","406263283","+33.6756872","-117.7772068","150",177379665.039829850196838,3990405510.152573108673096,21.134,739.024,177379665.03983,3990405510.15257
"06","025","00277277","06025",Imperial,Imperial County,"06",H1,G4020,,,,A,"10814595263","790216760","+33.0408143","-115.3554001","250",10330680.384001808241010,186111199.569984734058380,0.261,182.827,10330680.3840018,186111199.569985
"06","101","00277315","06101",Sutter,Sutter County,"06",H1,G4020,,,,A,"1560975504","14811541","+39.0361898","-121.7039397","150",5256195.677584759891033,133512759.904339998960495,0.978,134.327,5256195.67758476,133512759.90434
"53","025","01531924","53025",Grant,Grant County,"06",H1,G4020,,,,A,"6939995087","289820268","+47.2136328","-119.4677880","125",306932.653003864630591,6681828.258197304792702,0.012,87.873,306932.653003865,6681828.2581973
"41","071","01135866","41071",Yamhill,Yamhill County,"06",H1,G4020,,,,A,"1854279297","6373252","+45.2478274","-123.3163993","100",8065381.646544812247157,136535146.682231545448303,1.270,108.111,8065381.64654481,136535146.682232
"53","001","01531601","53001",Adams,Adams County,"06",H1,G4020,,,,A,"4985698852","12464425","+47.0112378","-118.5128614","100",2902621.362793370615691,33257257.322055686265230,0.170,75.106,2902621.36279337,33257257.3220557
"06","005","01675841","06005",Amador,Amador County,"06",H1,G4020,,,,A,"1539967071","29437120","+38.4435493","-120.6538580","125",3410195.076729898341000,69335675.719320923089981,0.637,106.605,3410195.0767299,69335675.7193209
"53","011","01531820","53011",Clark,Clark County,"06",H1,G4020,,,,A,"1627806032","70187041","+45.7717295","-122.4859533","100",35643149.594805151224136,550313075.832587957382202,6.152,254.559,35643149.5948052,550313075.832588
"06","033","00277281","06033",Lake,Lake County,"06",H1,G4020,,,,A,"3250647503","189100323","+39.1080094","-122.7452171","250",2202787.981386584695429,73089767.618147581815720,0.188,180.630,2202787.98138658,73089767.6181476
"06","063","00277296","06063",Plumas,Plumas County,"06",H1,G4020,,,,A,"6612400772","156387638","+39.9922953","-120.8243709","150",1328538.516272168140858,33824709.479637801647186,0.058,106.726,1328538.51627217,33824709.4796378
"41","015","01155129","41015",Curry,Curry County,"06",H1,G4020,,,,A,"4217491537","934612806","+42.4664387","-124.2109292","125",877395.135270273080096,25071501.338077984750271,0.050,88.997,877395.135270273,25071501.338078
"53","043","01514052","53043",Lincoln,Lincoln County,"06",H1,G4020,,,,A,"5984424965","75262191","+47.5827433","-118.4176925","100",7691824.194259460084140,79854097.274148330092430,0.372,81.160,7691824.19425946,79854097.2741483
"06","081","00277305","06081",San Mateo,San Mateo County,"06",H1,G4020,,,,A,"1161882953","757162988","+37.4146725","-122.3715457","250",35392946.065550982952118,986584125.882976055145264,5.405,337.153,35392946.065551,986584125.882976
"41","059","01156673","41059",Umatilla,Umatilla County,"06",H1,G4020,,,,A,"8327976998","41618632","+45.5911997","-118.7338795","100",4340725.772423580288887,72927671.814298093318939,0.152,74.560,4340725.77242358,72927671.8142981
"53","035","01529223","53035",Kitsap,Kitsap County,"06",H1,G4020,,,,A,"1023308789","442187072","+47.6395948","-122.6496339","100",11640990.424042500555515,239399108.711167275905609,2.328,139.839,11640990.4240425,239399108.711167
"53","075","01533501","53075",Whitman,Whitman County,"06",H1,G4020,,,,A,"5592463293","48246698","+46.9059441","-117.5353898","100",2470945.867997913621366,42758835.927382014691830,0.128,73.851,2470945.86799791,42758835.927382
"41","031","01155132","41031",Jefferson,Jefferson County,"06",H1,G4020,,,,A,"4614570968","26212115","+44.6451505","-121.1786315","125",3358066.322200073860586,50594659.291810937225819,0.212,93.862,3358066.32220007,50594659.2918109
"53","045","01529221","53045",Mason,Mason County,"06",H1,G4020,,,,A,"2485231719","236957000","+47.3508322","-123.1731033","100",2807895.566413704771549,51662111.711462944746017,0.302,79.069,2807895.5664137,51662111.7114629
"06","093","00277311","06093",Siskiyou,Siskiyou County,"06",H1,G4020,,,,A,"16261933230","179149815","+41.5879861","-122.5332868","125",3487916.816135529428720,82589288.132431209087372,0.062,89.365,3487916.81613553,82589288.1324312
"53","057","01531402","53057",Skagit,Skagit County,"06",H1,G4020,,,,A,"4481277789","483821018","+48.4932917","-121.8157703","125",16592518.660470973700285,215022983.554675132036209,0.979,116.882,16592518.660471,215022983.554675
"06","087","00277308","06087",Santa Cruz,Santa Cruz County,"06",H1,G4020,,,,A,"1152818088","419720203","+37.0123466","-122.0077889","250",12201294.197994707152247,338355301.382325589656830,2.274,243.218,12201294.1979947,338355301.382326
"53","053","01529159","53053",Pierce,Pierce County,"06",H1,G4020,,,,A,"4320041415","356079568","+47.0514128","-122.1532402","100",55151179.594498217105865,962737904.333312273025513,3.457,173.696,55151179.5944982,962737904.333312
"06","021","00277275","06021",Glenn,Glenn County,"06",H1,G4020,,,,A,"3403160299","33693344","+39.6025462","-122.4016998","150",2721274.223778116516769,59595355.180871628224850,0.232,111.962,2721274.22377812,59595355.1808716
"53","067","01529226","53067",Thurston,Thurston County,"06",H1,G4020,,,,A,"1871268836","133615762","+46.9358216","-122.8301524","100",16279360.330643141642213,338655120.986349582672119,2.380,141.391,16279360.3306431,338655120.98635
"06","079","00277304","06079",San Luis Obispo,San Luis Obispo County,"06",H1,G4020,,,,A,"8549160509","815630594","+35.3881891","-120.4488974","150",20758095.396442800760269,424499402.839935481548309,0.650,124.489,20758095.3964428,424499402.839935
"41","067","01155137","41067",Washington,Washington County,"06",H1,G4020,,,,A,"1875855586","6118186","+45.5535419","-123.0976146","100",40391271.276944495737553,733086965.974597930908203,6.290,258.698,40391271.2769445,733086965.974598
"53","021","01531822","53021",Franklin,Franklin County,"06",H1,G4020,,,,A,"3215718486","60508754","+46.5375019","-118.9038912","100",7042107.086650727316737,93626926.980940788984299,0.630,88.898,7042107.08665073,93626926.9809408
"53","059","01529220","53059",Skamania,Skamania County,"06",H1,G4020,,,,A,"4294897557","73323232","+46.0247853","-121.9532319","100",587502.438557196641341,10335864.717937715351582,0.039,71.182,587502.438557197,10335864.7179377
